record_no,snapshot_index,source_vector_index,field,source_value,source_valid,protocol_code,flag_bit,decoded_value,decoded_valid,absolute_error/tolerance,passed
1,1,1,lat,48.3902,True,3224725,0,48.390216443590276,True,1.64435902761e-05/4.29153544701e-05,True
1,1,1,lon,9.4747,True,2207540,1,9.474723213845039,True,2.32138450382e-05/8.58307089402e-05,True
1,1,1,altitude,11887.2,True,12887,2,11887.0,True,0.200000000001/1,True
1,1,1,speed,241.82,True,2418,3,241.8,True,0.02/0.1,True
1,1,1,heading,152.78,True,15278,4,152.78,True,0/0.01,True
1,1,1,vertical_rate,0.0,True,32768,5,0.0,True,0/0.01,True
1,1,1,callsign,UPS266,True,UPS266,6,UPS266,True,0/0,True
2,1,2,lat,45.5435,True,3158392,0,45.543512235525185,True,1.22355251833e-05/4.29153544701e-05,True
2,1,2,lon,5.0463,True,2155945,1,5.046287786075538,True,1.22139244612e-05/8.58307089402e-05,True
2,1,2,altitude,10972.8,True,11973,2,10973.0,True,0.200000000001/1,True
2,1,2,speed,256.15,True,2561,3,256.1,True,0.05/0.1,True
2,1,2,heading,109.96,True,10996,4,109.96000000000001,True,1.42108547152e-14/0.01,True
2,1,2,vertical_rate,0.0,True,32768,5,0.0,True,0/0.01,True
2,1,2,callsign,UAE4M,True,UAE4M,6,UAE4M,True,0/0,True
3,1,3,lat,47.5864,True,3205995,0,47.58641185436531,True,1.18543653116e-05/4.29153544701e-05,True
3,1,3,lon,7.5318,True,2184903,1,7.531773455565798,True,2.65444342018e-05/8.58307089402e-05,True
3,1,3,altitude,,False,0,2,,False,0/0,True
3,1,3,speed,12.35,True,123,3,12.3,True,0.05/0.1,True
3,1,3,heading,300.94,True,30094,4,300.94,True,0/0.01,True
3,1,3,vertical_rate,,False,0,5,,False,0/0,True
3,1,3,callsign,M02,True,M02,6,M02,True,0/0,True
4,1,4,lat,48.9159,True,3236974,0,48.91588662049452,True,1.33795054822e-05/4.29153544701e-05,True
4,1,4,lon,9.0408,True,2202484,1,9.040763149443421,True,3.68505565795e-05/8.58307089402e-05,True
4,1,4,altitude,11582.4,True,12582,2,11582.0,True,0.4/1,True
4,1,4,speed,228.42,True,2284,3,228.4,True,0.02/0.1,True
4,1,4,heading,300.9,True,30090,4,300.90000000000003,True,5.68434188608e-14/0.01,True
4,1,4,vertical_rate,0.0,True,32768,5,0.0,True,0/0.01,True
4,1,4,callsign,TOM8VC,True,TOM8VC,6,TOM8VC,True,0/0,True
5,1,5,lat,48.6854,True,3231603,0,48.6853882516356,True,1.17483644004e-05/4.29153544701e-05,True
5,1,5,lon,9.2005,True,2204345,1,9.200494098781121,True,5.90121887889e-06/8.58307089402e-05,True
5,1,5,altitude,,False,0,2,,False,0/0,True
5,1,5,speed,1.29,True,13,3,1.3,True,0.01/0.1,True
5,1,5,heading,70.31,True,7031,4,70.31,True,0/0.01,True
5,1,5,vertical_rate,,False,0,5,,False,0/0,True
5,1,5,callsign,F172,True,F172,6,F172,True,0/0,True
6,1,6,lat,49.3885,True,3247987,0,49.38851341927369,True,1.34192736923e-05/4.29153544701e-05,True
6,1,6,lon,11.6329,True,2232685,1,11.63293639014637,True,3.639014637e-05/8.58307089402e-05,True
6,1,6,altitude,12192.0,True,13192,2,12192.0,True,0/1,True
6,1,6,speed,244.2,True,2442,3,244.20000000000002,True,2.84217094304e-14/0.1,True
6,1,6,heading,293.59,True,29359,4,293.59000000000003,True,5.68434188608e-14/0.01,True
6,1,6,vertical_rate,0.0,True,32768,5,0.0,True,0/0.01,True
6,1,6,callsign,QFA219,True,QFA219,6,QFA219,True,0/0,True
7,1,7,lat,48.5581,True,3228637,0,48.558101310277294,True,1.31027729111e-06/4.29153544701e-05,True
7,1,7,lon,6.2995,True,2170546,1,6.299501967311386,True,1.9673113858e-06/8.58307089402e-05,True
7,1,7,altitude,11887.2,True,12887,2,11887.0,True,0.200000000001/1,True
7,1,7,speed,233.12,True,2331,3,233.10000000000002,True,0.02/0.1,True
7,1,7,heading,181.52,True,18152,4,181.52,True,0/0.01,True
7,1,7,vertical_rate,0.0,True,32768,5,0.0,True,0/0.01,True
7,1,7,callsign,SRR6382,True,SRR6382,6,SRR6382,True,0/0,True
8,1,8,lat,45.7544,True,3163306,0,45.75439828739124,True,1.71260875703e-06/4.29153544701e-05,True
8,1,8,lon,8.7707,True,2199338,1,8.770739739117545,True,3.97391175451e-05/8.58307089402e-05,True
8,1,8,altitude,3429.0,True,4429,2,3429.0,True,0/1,True
8,1,8,speed,180.12,True,1801,3,180.10000000000002,True,0.02/0.1,True
8,1,8,heading,147.72,True,14772,4,147.72,True,0/0.01,True
8,1,8,vertical_rate,-6.83,True,32085,5,-6.829999999999984,True,1.59872115546e-14/0.01,True
8,1,8,callsign,BCS6GA,True,BCS6GA,6,BCS6GA,True,0/0,True
9,1,9,lat,47.4577,True,3202996,0,47.45770870630949,True,8.70630948668e-06/4.29153544701e-05,True
9,1,9,lon,8.5626,True,2196913,1,8.562600269937576,True,2.69937576292e-07/8.58307089402e-05,True
9,1,9,altitude,,False,0,2,,False,0/0,True
9,1,9,speed,2.83,True,28,3,2.8000000000000003,True,0.03/0.1,True
9,1,9,heading,272.81,True,27281,4,272.81,True,0/0.01,True
9,1,9,vertical_rate,,False,0,5,,False,0/0,True
9,1,9,callsign,VIKTOR21,True,VIKTOR21,6,VIKTOR21,True,0/0,True
10,1,10,lat,47.4581,True,3203005,0,47.45809494449972,True,5.05550028151e-06/4.29153544701e-05,True
10,1,10,lon,8.5502,True,2196769,1,8.550240647850188,True,4.0647850188e-05/8.58307089402e-05,True
10,1,10,altitude,,False,0,2,,False,0/0,True
10,1,10,speed,3.6,True,36,3,3.6,True,0/0.1,True
10,1,10,heading,275.62,True,27562,4,275.62,True,0/0.01,True
10,1,10,vertical_rate,,False,0,5,,False,0/0,True
10,1,10,callsign,GALA6,True,GALA6,6,GALA6,True,0/0,True
11,1,11,lat,47.4409,True,3202604,0,47.44088588735721,True,1.41126427877e-05/4.29153544701e-05,True
11,1,11,lon,8.5619,True,2196905,1,8.561913624266055,True,1.36242660549e-05/8.58307089402e-05,True
11,1,11,altitude,,False,0,2,,False,0/0,True
11,1,11,speed,2.83,True,28,3,2.8000000000000003,True,0.03/0.1,True
11,1,11,heading,22.5,True,2250,4,22.5,True,0/0.01,True
11,1,11,vertical_rate,,False,0,5,,False,0/0,True
11,1,11,callsign,VIKTOR31,True,VIKTOR31,6,VIKTOR31,True,0/0,True
12,1,12,lat,47.458,True,3203003,0,47.45800911379078,True,9.11379078161e-06/4.29153544701e-05,True
12,1,12,lon,8.5506,True,2196773,1,8.550583970685949,True,1.60293140503e-05/8.58307089402e-05,True
12,1,12,altitude,,False,0,2,,False,0/0,True
12,1,12,speed,4.63,True,46,3,4.6000000000000005,True,0.03/0.1,True
12,1,12,heading,278.44,True,27844,4,278.44,True,0/0.01,True
12,1,12,vertical_rate,,False,0,5,,False,0/0,True
12,1,12,callsign,GALA21,True,GALA21,6,GALA21,True,0/0,True
13,1,13,lat,47.4568,True,3202975,0,47.45680748386562,True,7.48386561611e-06/4.29153544701e-05,True
13,1,13,lon,8.5628,True,2196915,1,8.562771931355456,True,2.80686445429e-05/8.58307089402e-05,True
13,1,13,altitude,,False,0,2,,False,0/0,True
13,1,13,speed,0.26,True,3,3,0.30000000000000004,True,0.04/0.1,True
13,1,13,heading,300.94,True,30094,4,300.94,True,0/0.01,True
13,1,13,vertical_rate,,False,0,5,,False,0/0,True
13,1,13,callsign,URSULA8,True,URSULA8,6,URSULA8,True,0/0,True
14,1,14,lat,47.9068,True,3213461,0,47.90681789083908,True,1.78908390822e-05/4.29153544701e-05,True
14,1,14,lon,8.0877,True,2191380,1,8.087698957371487,True,1.0426285133e-06/8.58307089402e-05,True
14,1,14,altitude,10972.8,True,11973,2,10973.0,True,0.200000000001/1,True
14,1,14,speed,229.54,True,2295,3,229.5,True,0.04/0.1,True
14,1,14,heading,225.45,True,22545,4,225.45000000000002,True,2.84217094304e-14/0.01,True
14,1,14,vertical_rate,0.0,True,32768,5,0.0,True,0/0.01,True
14,1,14,callsign,ENT1511,True,ENT1511,6,ENT1511,True,0/0,True
15,1,15,lat,46.8991,True,3189979,0,46.89907953717221,True,2.04628277842e-05/4.29153544701e-05,True
15,1,15,lon,11.2504,True,2228228,1,11.250388920399871,True,1.10796001298e-05/8.58307089402e-05,True
15,1,15,altitude,9883.14,True,10883,2,9883.0,True,0.139999999999/1,True
15,1,15,speed,244.26,True,2443,3,244.3,True,0.04/0.1,True
15,1,15,heading,222.87,True,22287,4,222.87,True,0/0.01,True
15,1,15,vertical_rate,-8.13,True,31955,5,-8.129999999999995,True,5.3290705182e-15/0.01,True
15,1,15,callsign,MACOR,True,MACOR,6,MACOR,True,0/0,True
16,1,16,lat,49.3817,True,3247828,0,49.38168987791295,True,1.01220870548e-05/4.29153544701e-05,True
16,1,16,lon,10.8344,True,2223381,1,10.834367474166726,True,3.25258332747e-05/8.58307089402e-05,True
16,1,16,altitude,10363.2,True,11363,2,10363.0,True,0.200000000001/1,True
16,1,16,speed,243.21,True,2432,3,243.20000000000002,True,0.00999999999999/0.1,True
16,1,16,heading,288.63,True,28863,4,288.63,True,0/0.01,True
16,1,16,vertical_rate,0.0,True,32768,5,0.0,True,0/0.01,True
16,1,16,callsign,THY6091,True,THY6091,6,THY6091,True,0/0,True
17,1,17,lat,47.8922,True,3213120,0,47.892183754964776,True,1.62450352263e-05/4.29153544701e-05,True
17,1,17,lon,7.5863,True,2185538,1,7.5862759557428205,True,2.40442571791e-05/8.58307089402e-05,True
17,1,17,altitude,11277.6,True,12278,2,11278.0,True,0.4/1,True
17,1,17,speed,259.27,True,2593,3,259.3,True,0.03/0.1,True
17,1,17,heading,104.01,True,10401,4,104.01,True,0/0.01,True
17,1,17,vertical_rate,0.0,True,32768,5,0.0,True,0/0.01,True
17,1,17,callsign,ETD2,True,ETD2,6,ETD2,True,0/0,True
18,1,18,lat,46.5527,True,3181908,0,46.552709711244034,True,9.71124403293e-06/4.29153544701e-05,True
18,1,18,lon,5.7932,True,2164647,1,5.793186615273129,True,1.33847268708e-05/8.58307089402e-05,True
18,1,18,altitude,11277.6,True,12278,2,11278.0,True,0.4/1,True
18,1,18,speed,224.65,True,2247,3,224.70000000000002,True,0.05/0.1,True
18,1,18,heading,200.51,True,20051,4,200.51,True,0/0.01,True
18,1,18,vertical_rate,0.0,True,32768,5,0.0,True,0/0.01,True
18,1,18,callsign,EWG40C,True,EWG40C,6,EWG40C,True,0/0,True
19,1,19,lat,48.7181,True,3232365,0,48.71808975174184,True,1.02482581568e-05/4.29153544701e-05,True
19,1,19,lon,9.474,True,2207532,1,9.474036568173517,True,3.65681735168e-05/8.58307089402e-05,True
19,1,19,altitude,11582.4,True,12582,2,11582.0,True,0.4/1,True
19,1,19,speed,222.93,True,2229,3,222.9,True,0.03/0.1,True
19,1,19,heading,302.37,True,30237,4,302.37,True,0/0.01,True
19,1,19,vertical_rate,0.0,True,32768,5,0.0,True,0/0.01,True
19,1,19,callsign,GAV596,True,GAV596,6,GAV596,True,0/0,True
20,1,20,lat,49.244,True,3244620,0,49.24401742077288,True,1.74207728776e-05/4.29153544701e-05,True
20,1,20,lon,10.6347,True,2221055,1,10.634725245171836,True,2.52451718357e-05/8.58307089402e-05,True
20,1,20,altitude,5189.22,True,6189,2,5189.0,True,0.22/1,True
20,1,20,speed,186.49,True,1865,3,186.5,True,0.00999999999999/0.1,True
20,1,20,heading,248.81,True,24881,4,248.81,True,0/0.01,True
20,1,20,vertical_rate,10.08,True,33776,5,10.079999999999984,True,1.59872115546e-14/0.01,True
20,1,20,callsign,EWG53L,True,EWG53L,6,EWG53L,True,0/0,True
21,1,21,lat,45.9506,True,3167878,0,45.95060728802855,True,7.28802854866e-06/4.29153544701e-05,True
21,1,21,lon,11.2781,True,2228551,1,11.278112239387553,True,1.22393875532e-05/8.58307089402e-05,True
21,1,21,altitude,13716.0,True,14716,2,13716.0,True,0/1,True
21,1,21,speed,255.47,True,2555,3,255.5,True,0.03/0.1,True
21,1,21,heading,118.11,True,11811,4,118.11,True,0/0.01,True
21,1,21,vertical_rate,0.0,True,32768,5,0.0,True,0/0.01,True
21,1,21,callsign,N950MP,True,N950MP,6,N950MP,True,0/0,True
22,1,22,lat,45.7174,True,3162444,0,45.71740525183802,True,5.25183801869e-06/4.29153544701e-05,True
22,1,22,lon,5.0917,True,2156474,1,5.091692231104901,True,7.76889509968e-06/8.58307089402e-05,True
22,1,22,altitude,,False,0,2,,False,0/0,True
22,1,22,speed,5.66,True,57,3,5.7,True,0.04/0.1,True
22,1,22,heading,171.56,True,17156,4,171.56,True,0/0.01,True
22,1,22,vertical_rate,,False,0,5,,False,0/0,True
22,1,22,callsign,LA2,True,LA2,6,LA2,True,0/0,True
23,1,23,lat,47.4443,True,3202684,0,47.44431911571482,True,1.91157148208e-05/4.29153544701e-05,True
23,1,23,lon,8.5674,True,2196969,1,8.567406789638227,True,6.78963822764e-06/8.58307089402e-05,True
23,1,23,altitude,,False,0,2,,False,0/0,True
23,1,23,speed,0.26,True,3,3,0.30000000000000004,True,0.04/0.1,True
23,1,23,heading,244.69,True,24469,4,244.69,True,0/0.01,True
23,1,23,vertical_rate,,False,0,5,,False,0/0,True
23,1,23,callsign,SWR7DC,True,SWR7DC,6,SWR7DC,True,0/0,True
24,2,1,lat,48.3811,True,3224513,0,48.381118388442616,True,1.83884426121e-05/4.29153544701e-05,True
24,2,1,lon,9.4818,True,2207622,1,9.481761331978134,True,3.86680218654e-05/8.58307089402e-05,True
24,2,1,altitude,11887.2,True,12887,2,11887.0,True,0.200000000001/1,True
24,2,1,speed,241.82,True,2418,3,241.8,True,0.02/0.1,True
24,2,1,heading,152.78,True,15278,4,152.78,True,0/0.01,True
24,2,1,vertical_rate,0.0,True,32768,5,0.0,True,0/0.01,True
24,2,1,callsign,UPS266,True,UPS266,6,UPS266,True,0/0,True
25,2,2,lat,45.5396,True,3158301,0,45.539606938268406,True,6.93826840603e-06/4.29153544701e-05,True
25,2,2,lon,5.0616,True,2156123,1,5.061565652266893,True,3.43477331075e-05/8.58307089402e-05,True
25,2,2,altitude,10972.8,True,11973,2,10973.0,True,0.200000000001/1,True
25,2,2,speed,255.67,True,2557,3,255.70000000000002,True,0.03/0.1,True
25,2,2,heading,110.0,True,11000,4,110.0,True,0/0.01,True
25,2,2,vertical_rate,0.0,True,32768,5,0.0,True,0/0.01,True
25,2,2,callsign,UAE4M,True,UAE4M,6,UAE4M,True,0/0,True
26,2,3,lat,47.5871,True,3206011,0,47.58709850003683,True,1.49996316878e-06/4.29153544701e-05,True
26,2,3,lon,7.5312,True,2184896,1,7.5311726406032165,True,2.73593967837e-05/8.58307089402e-05,True
26,2,3,altitude,,False,0,2,,False,0/0,True
26,2,3,speed,18.52,True,185,3,18.5,True,0.02/0.1,True
26,2,3,heading,334.69,True,33469,4,334.69,True,0/0.01,True
26,2,3,vertical_rate,,False,0,5,,False,0/0,True
26,2,3,callsign,M02,True,M02,6,M02,True,0/0,True
27,2,4,lat,48.9207,True,3237086,0,48.92069314019517,True,6.85980482729e-06/4.29153544701e-05,True
27,2,4,lon,9.0286,True,2202342,1,9.028575188773914,True,2.4811226087e-05/8.58307089402e-05,True
27,2,4,altitude,11582.4,True,12582,2,11582.0,True,0.4/1,True
27,2,4,speed,228.42,True,2284,3,228.4,True,0.02/0.1,True
27,2,4,heading,300.9,True,30090,4,300.90000000000003,True,5.68434188608e-14/0.01,True
27,2,4,vertical_rate,0.0,True,32768,5,0.0,True,0/0.01,True
27,2,4,callsign,TOM8VC,True,TOM8VC,6,TOM8VC,True,0/0,True
28,2,5,lat,48.6854,True,3231603,0,48.6853882516356,True,1.17483644004e-05/4.29153544701e-05,True
28,2,5,lon,9.2005,True,2204345,1,9.200494098781121,True,5.90121887889e-06/8.58307089402e-05,True
28,2,5,altitude,,False,0,2,,False,0/0,True
28,2,5,speed,1.29,True,13,3,1.3,True,0.01/0.1,True
28,2,5,heading,70.31,True,7031,4,70.31,True,0/0.01,True
28,2,5,vertical_rate,,False,0,5,,False,0/0,True
28,2,5,callsign,F172,True,F172,6,F172,True,0/0,True
29,2,6,lat,49.3929,True,3248089,0,49.39289078542964,True,9.21457035474e-06/4.29153544701e-05,True
29,2,6,lon,11.6172,True,2232502,1,11.617229370410314,True,2.93704103136e-05/8.58307089402e-05,True
29,2,6,altitude,12184.38,True,13184,2,12184.0,True,0.379999999999/1,True
29,2,6,speed,244.2,True,2442,3,244.20000000000002,True,2.84217094304e-14/0.1,True
29,2,6,heading,293.59,True,29359,4,293.59000000000003,True,5.68434188608e-14/0.01,True
29,2,6,vertical_rate,0.0,True,32768,5,0.0,True,0/0.01,True
29,2,6,callsign,QFA219,True,QFA219,6,QFA219,True,0/0,True
30,2,7,lat,48.5472,True,3228383,0,48.54720081024189,True,8.10241893134e-07/4.29153544701e-05,True
30,2,7,lon,6.2991,True,2170541,1,6.299072813766685,True,2.71862333152e-05/8.58307089402e-05,True
30,2,7,altitude,11887.2,True,12887,2,11887.0,True,0.200000000001/1,True
30,2,7,speed,233.64,True,2336,3,233.60000000000002,True,0.04/0.1,True
30,2,7,heading,181.51,True,18151,4,181.51,True,0/0.01,True
30,2,7,vertical_rate,0.0,True,32768,5,0.0,True,0/0.01,True
30,2,7,callsign,SRR6382,True,SRR6382,6,SRR6382,True,0/0,True
31,2,8,lat,45.7476,True,3163148,0,45.747617661384965,True,1.76613849661e-05/4.29153544701e-05,True
31,2,8,lon,8.7767,True,2199407,1,8.776662058034418,True,3.79419655818e-05/8.58307089402e-05,True
31,2,8,altitude,3398.52,True,4399,2,3399.0,True,0.48/1,True
31,2,8,speed,176.54,True,1765,3,176.5,True,0.04/0.1,True
31,2,8,heading,148.95,True,14895,4,148.95000000000002,True,2.84217094304e-14/0.01,True
31,2,8,vertical_rate,-6.5,True,32118,5,-6.5,True,0/0.01,True
31,2,8,callsign,BCS6GA,True,BCS6GA,6,BCS6GA,True,0/0,True
32,2,9,lat,47.4577,True,3202996,0,47.45770870630949,True,8.70630948668e-06/4.29153544701e-05,True
32,2,9,lon,8.5625,True,2196912,1,8.562514439228636,True,1.44392286359e-05/8.58307089402e-05,True
32,2,9,altitude,,False,0,2,,False,0/0,True
32,2,9,speed,2.83,True,28,3,2.8000000000000003,True,0.03/0.1,True
32,2,9,heading,272.81,True,27281,4,272.81,True,0/0.01,True
32,2,9,vertical_rate,,False,0,5,,False,0/0,True
32,2,9,callsign,VIKTOR21,True,VIKTOR21,6,VIKTOR21,True,0/0,True
33,2,10,lat,47.4581,True,3203005,0,47.45809494449972,True,5.05550028151e-06/4.29153544701e-05,True
33,2,10,lon,8.5499,True,2196765,1,8.549897325014427,True,2.67498557172e-06/8.58307089402e-05,True
33,2,10,altitude,,False,0,2,,False,0/0,True
33,2,10,speed,4.12,True,41,3,4.1000000000000005,True,0.02/0.1,True
33,2,10,heading,275.62,True,27562,4,275.62,True,0/0.01,True
33,2,10,vertical_rate,,False,0,5,,False,0/0,True
33,2,10,callsign,GALA6,True,GALA6,6,GALA6,True,0/0,True
34,2,11,lat,47.441,True,3202607,0,47.44101463342062,True,1.46334206192e-05/4.29153544701e-05,True
34,2,11,lon,8.5624,True,2196911,1,8.562428608519696,True,2.86085196954e-05/8.58307089402e-05,True
34,2,11,altitude,,False,0,2,,False,0/0,True
34,2,11,speed,2.83,True,28,3,2.8000000000000003,True,0.03/0.1,True
34,2,11,heading,154.69,True,15469,4,154.69,True,0/0.01,True
34,2,11,vertical_rate,,False,0,5,,False,0/0,True
34,2,11,callsign,VIKTOR31,True,VIKTOR31,6,VIKTOR31,True,0/0,True
35,2,12,lat,47.458,True,3203003,0,47.45800911379078,True,9.11379078161e-06/4.29153544701e-05,True
35,2,12,lon,8.5502,True,2196769,1,8.550240647850188,True,4.0647850188e-05/8.58307089402e-05,True
35,2,12,altitude,,False,0,2,,False,0/0,True
35,2,12,speed,4.37,True,44,3,4.4,True,0.03/0.1,True
35,2,12,heading,275.62,True,27562,4,275.62,True,0/0.01,True
35,2,12,vertical_rate,,False,0,5,,False,0/0,True
35,2,12,callsign,GALA21,True,GALA21,6,GALA21,True,0/0,True
36,2,13,lat,47.4568,True,3202975,0,47.45680748386562,True,7.48386561611e-06/4.29153544701e-05,True
36,2,13,lon,8.5628,True,2196915,1,8.562771931355456,True,2.80686445429e-05/8.58307089402e-05,True
36,2,13,altitude,,False,0,2,,False,0/0,True
36,2,13,speed,0.06,True,1,3,0.1,True,0.04/0.1,True
36,2,13,heading,208.12,True,20812,4,208.12,True,0/0.01,True
36,2,13,vertical_rate,,False,0,5,,False,0/0,True
36,2,13,callsign,URSULA8,True,URSULA8,6,URSULA8,True,0/0,True
37,2,14,lat,49.4601,True,3249655,0,49.46009623052984,True,3.76947015468e-06/4.29153544701e-05,True
37,2,14,lon,5.0066,True,2155483,1,5.006633998545169,True,3.39985451694e-05/8.58307089402e-05,True
37,2,14,altitude,10873.74,True,11874,2,10874.0,True,0.26/1,True
37,2,14,speed,232.46,True,2325,3,232.5,True,0.04/0.1,True
37,2,14,heading,35.91,True,3591,4,35.910000000000004,True,7.1054273576e-15/0.01,True
37,2,14,vertical_rate,5.53,True,33321,5,5.529999999999973,True,2.75335310107e-14/0.01,True
37,2,14,callsign,TAY5DN,True,TAY5DN,6,TAY5DN,True,0/0,True
38,2,15,lat,47.9002,True,3213307,0,47.900208926250684,True,8.92625068616e-06/4.29153544701e-05,True
38,2,15,lon,8.0776,True,2191262,1,8.077570933716487,True,2.90662835134e-05/8.58307089402e-05,True
38,2,15,altitude,10972.8,True,11973,2,10973.0,True,0.200000000001/1,True
38,2,15,speed,229.54,True,2295,3,229.5,True,0.04/0.1,True
38,2,15,heading,225.45,True,22545,4,225.45000000000002,True,2.84217094304e-14/0.01,True
38,2,15,vertical_rate,0.0,True,32768,5,0.0,True,0/0.01,True
38,2,15,callsign,ENT1511,True,ENT1511,6,ENT1511,True,0/0,True
39,2,16,lat,46.8917,True,3189807,0,46.891698096203356,True,1.90379664389e-06/4.29153544701e-05,True
39,2,16,lon,11.2404,True,2228112,1,11.240432558162809,True,3.25581628093e-05/8.58307089402e-05,True
39,2,16,altitude,9845.04,True,10845,2,9845.0,True,0.0400000000009/1,True
39,2,16,speed,244.63,True,2446,3,244.60000000000002,True,0.03/0.1,True
39,2,16,heading,222.78,True,22278,4,222.78,True,0/0.01,True
39,2,16,vertical_rate,-8.78,True,31890,5,-8.779999999999973,True,2.6645352591e-14/0.01,True
39,2,16,callsign,MACOR,True,MACOR,6,MACOR,True,0/0,True
40,2,17,lat,49.385,True,3247905,0,49.384994360207145,True,5.63979285317e-06/4.29153544701e-05,True
40,2,17,lon,10.8196,True,2223209,1,10.819604592229012,True,4.59222901306e-06/8.58307089402e-05,True
40,2,17,altitude,10363.2,True,11363,2,10363.0,True,0.200000000001/1,True
40,2,17,speed,243.05,True,2431,3,243.10000000000002,True,0.05/0.1,True
40,2,17,heading,288.51,True,28851,4,288.51,True,0/0.01,True
40,2,17,vertical_rate,0.0,True,32768,5,0.0,True,0/0.01,True
40,2,17,callsign,THY6091,True,THY6091,6,THY6091,True,0/0,True
41,2,18,lat,47.8892,True,3213050,0,47.88917968015187,True,2.0319848133e-05/4.29153544701e-05,True
41,2,18,lon,7.6044,True,2185749,1,7.604386235329201,True,1.37646707987e-05/8.58307089402e-05,True
41,2,18,altitude,11277.6,True,12278,2,11278.0,True,0.4/1,True
41,2,18,speed,259.77,True,2598,3,259.8,True,0.03/0.1,True
41,2,18,heading,103.98,True,10398,4,103.98,True,0/0.01,True
41,2,18,vertical_rate,0.0,True,32768,5,0.0,True,0/0.01,True
41,2,18,callsign,ETD2,True,ETD2,6,ETD2,True,0/0,True
42,2,19,lat,46.5431,True,3181684,0,46.54309667184273,True,3.32815726978e-06/4.29153544701e-05,True
42,2,19,lon,5.7885,True,2164592,1,5.788465926281418,True,3.40737185818e-05/8.58307089402e-05,True
42,2,19,altitude,11277.6,True,12278,2,11278.0,True,0.4/1,True
42,2,19,speed,225.32,True,2253,3,225.3,True,0.02/0.1,True
42,2,19,heading,198.23,True,19823,4,198.23000000000002,True,2.84217094304e-14/0.01,True
42,2,19,vertical_rate,0.0,True,32768,5,0.0,True,0/0.01,True
42,2,19,callsign,EWG40C,True,EWG40C,6,EWG40C,True,0/0,True
43,2,20,lat,48.7235,True,3232491,0,48.723497086405075,True,2.91359492621e-06/4.29153544701e-05,True
43,2,20,lon,9.4611,True,2207381,1,9.461076131123548,True,2.38688764522e-05/8.58307089402e-05,True
43,2,20,altitude,11582.4,True,12582,2,11582.0,True,0.4/1,True
43,2,20,speed,222.93,True,2229,3,222.9,True,0.03/0.1,True
43,2,20,heading,302.37,True,30237,4,302.37,True,0/0.01,True
43,2,20,vertical_rate,-0.33,True,32735,5,-0.3299999999999841,True,1.59317004034e-14/0.01,True
43,2,20,callsign,GAV596,True,GAV596,6,GAV596,True,0/0,True
44,2,21,lat,49.2407,True,3244543,0,49.24071293847868,True,1.29384786831e-05/4.29153544701e-05,True
44,2,21,lon,10.6218,True,2220904,1,10.621764808121867,True,3.51918781334e-05/8.58307089402e-05,True
44,2,21,altitude,5242.56,True,6243,2,5243.0,True,0.44/1,True
44,2,21,speed,192.03,True,1920,3,192.0,True,0.03/0.1,True
44,2,21,heading,248.8,True,24880,4,248.8,True,0/0.01,True
44,2,21,vertical_rate,9.43,True,33711,5,9.430000000000007,True,7.1054273576e-15/0.01,True
44,2,21,callsign,EWG53L,True,EWG53L,6,EWG53L,True,0/0,True
45,2,22,lat,45.9448,True,3167743,0,45.94481371517509,True,1.37151750863e-05/4.29153544701e-05,True
45,2,22,lon,11.2937,True,2228733,1,11.293733428414669,True,3.34284146692e-05/8.58307089402e-05,True
45,2,22,altitude,13716.0,True,14716,2,13716.0,True,0/1,True
45,2,22,speed,255.71,True,2557,3,255.70000000000002,True,0.00999999999999/0.1,True
45,2,22,heading,118.21,True,11821,4,118.21000000000001,True,1.42108547152e-14/0.01,True
45,2,22,vertical_rate,0.0,True,32768,5,0.0,True,0/0.01,True
45,2,22,callsign,N950MP,True,N950MP,6,N950MP,True,0/0,True
46,2,23,lat,45.7172,True,3162439,0,45.717190675065666,True,9.32493433226e-06/4.29153544701e-05,True
46,2,23,lon,5.0918,True,2156475,1,5.091778061813841,True,2.19381861593e-05/8.58307089402e-05,True
46,2,23,altitude,,False,0,2,,False,0/0,True
46,2,23,speed,7.2,True,72,3,7.2,True,0/0.1,True
46,2,23,heading,168.75,True,16875,4,168.75,True,0/0.01,True
46,2,23,vertical_rate,,False,0,5,,False,0/0,True
46,2,23,callsign,LA2,True,LA2,6,LA2,True,0/0,True
47,2,24,lat,47.4443,True,3202684,0,47.44431911571482,True,1.91157148208e-05/4.29153544701e-05,True
47,2,24,lon,8.5674,True,2196969,1,8.567406789638227,True,6.78963822764e-06/8.58307089402e-05,True
47,2,24,altitude,,False,0,2,,False,0/0,True
47,2,24,speed,0.06,True,1,3,0.1,True,0.04/0.1,True
47,2,24,heading,244.69,True,24469,4,244.69,True,0/0.01,True
47,2,24,vertical_rate,,False,0,5,,False,0/0,True
47,2,24,callsign,SWR7DC,True,SWR7DC,6,SWR7DC,True,0/0,True
48,3,1,lat,48.3537,True,3223874,0,48.353695476936224,True,4.52306377952e-06/4.29153544701e-05,True
48,3,1,lon,9.5029,True,2207868,1,9.502875686377479,True,2.43136225215e-05/8.58307089402e-05,True
48,3,1,altitude,11894.82,True,12895,2,11895.0,True,0.18/1,True
48,3,1,speed,241.82,True,2418,3,241.8,True,0.02/0.1,True
48,3,1,heading,152.78,True,15278,4,152.78,True,0/0.01,True
48,3,1,vertical_rate,0.0,True,32768,5,0.0,True,0/0.01,True
48,3,1,callsign,UPS266,True,UPS266,6,UPS266,True,0/0,True
49,3,2,lat,45.5287,True,3158047,0,45.528706438233,True,6.43823300095e-06/4.29153544701e-05,True
49,3,2,lon,5.104,True,2156617,1,5.103966022483348,True,3.39775166518e-05/8.58307089402e-05,True
49,3,2,altitude,10972.8,True,11973,2,10973.0,True,0.200000000001/1,True
49,3,2,speed,255.67,True,2557,3,255.70000000000002,True,0.03/0.1,True
49,3,2,heading,110.0,True,11000,4,110.0,True,0/0.01,True
49,3,2,vertical_rate,0.0,True,32768,5,0.0,True,0/0.01,True
49,3,2,callsign,UAE4M,True,UAE4M,6,UAE4M,True,0/0,True
50,3,3,lat,47.5896,True,3206069,0,47.589587590596096,True,1.24094039009e-05/4.29153544701e-05,True
50,3,3,lon,7.5295,True,2184877,1,7.529541857133353,True,4.18571333531e-05/8.58307089402e-05,True
50,3,3,altitude,,False,0,2,,False,0/0,True
50,3,3,speed,22.12,True,221,3,22.1,True,0.02/0.1,True
50,3,3,heading,334.69,True,33469,4,334.69,True,0/0.01,True
50,3,3,vertical_rate,,False,0,5,,False,0/0,True
50,3,3,callsign,M02,True,M02,6,M02,True,0/0,True
51,3,4,lat,48.9357,True,3237436,0,48.9357135142597,True,1.3514259706e-05/4.29153544701e-05,True
51,3,4,lon,8.9906,True,2201900,1,8.990638015422348,True,3.80154223478e-05/8.58307089402e-05,True
51,3,4,altitude,11582.4,True,12582,2,11582.0,True,0.4/1,True
51,3,4,speed,228.42,True,2284,3,228.4,True,0.02/0.1,True
51,3,4,heading,300.9,True,30090,4,300.90000000000003,True,5.68434188608e-14/0.01,True
51,3,4,vertical_rate,0.0,True,32768,5,0.0,True,0/0.01,True
51,3,4,callsign,TOM8VC,True,TOM8VC,6,TOM8VC,True,0/0,True
52,3,5,lat,48.6862,True,3231622,0,48.68620364337053,True,3.64337053327e-06/4.29153544701e-05,True
52,3,5,lon,9.2024,True,2204367,1,9.202382374377805,True,1.76256221955e-05/8.58307089402e-05,True
52,3,5,altitude,,False,0,2,,False,0/0,True
52,3,5,speed,5.66,True,57,3,5.7,True,0.04/0.1,True
52,3,5,heading,73.12,True,7312,4,73.12,True,0/0.01,True
52,3,5,vertical_rate,,False,0,5,,False,0/0,True
52,3,5,callsign,F172,True,F172,6,F172,True,0/0,True
53,3,6,lat,49.405,True,3248371,0,49.40499291539024,True,7.08460976284e-06/4.29153544701e-05,True
53,3,6,lon,11.5747,True,2232006,1,11.574657338775921,True,4.26612240787e-05/8.58307089402e-05,True
53,3,6,altitude,12184.38,True,13184,2,12184.0,True,0.379999999999/1,True
53,3,6,speed,243.99,True,2440,3,244.0,True,0.00999999999999/0.1,True
53,3,6,heading,293.48,True,29348,4,293.48,True,0/0.01,True
53,3,6,vertical_rate,0.0,True,32768,5,0.0,True,0/0.01,True
53,3,6,callsign,QFA219,True,QFA219,6,QFA219,True,0/0,True
54,3,7,lat,48.5185,True,3227714,0,48.518490438101395,True,9.56189860801e-06/4.29153544701e-05,True
54,3,7,lon,6.298,True,2170529,1,6.298042845259403,True,4.28452594026e-05/8.58307089402e-05,True
54,3,7,altitude,11887.2,True,12887,2,11887.0,True,0.200000000001/1,True
54,3,7,speed,233.65,True,2337,3,233.70000000000002,True,0.05/0.1,True
54,3,7,heading,181.64,True,18164,4,181.64000000000001,True,2.84217094304e-14/0.01,True
54,3,7,vertical_rate,0.0,True,32768,5,0.0,True,0/0.01,True
54,3,7,callsign,SRR6382,True,SRR6382,6,SRR6382,True,0/0,True
55,3,8,lat,45.7287,True,3162707,0,45.72869199006365,True,8.00993635153e-06/4.29153544701e-05,True
55,3,8,lon,8.7918,True,2199583,1,8.79176826280792,True,3.17371920797e-05/8.58307089402e-05,True
55,3,8,altitude,3314.7,True,4315,2,3315.0,True,0.3/1,True
55,3,8,speed,167.29,True,1673,3,167.3,True,0.01/0.1,True
55,3,8,heading,152.33,True,15233,4,152.33,True,0/0.01,True
55,3,8,vertical_rate,-5.85,True,32183,5,-5.850000000000023,True,2.30926389122e-14/0.01,True
55,3,8,callsign,BCS6GA,True,BCS6GA,6,BCS6GA,True,0/0,True
56,3,9,lat,47.4578,True,3202998,0,47.45779453701843,True,5.46298156934e-06/4.29153544701e-05,True
56,3,9,lon,8.5619,True,2196905,1,8.561913624266055,True,1.36242660549e-05/8.58307089402e-05,True
56,3,9,altitude,,False,0,2,,False,0/0,True
56,3,9,speed,2.57,True,26,3,2.6,True,0.03/0.1,True
56,3,9,heading,275.62,True,27562,4,275.62,True,0/0.01,True
56,3,9,vertical_rate,,False,0,5,,False,0/0,True
56,3,9,callsign,VIKTOR21,True,VIKTOR21,6,VIKTOR21,True,0/0,True
57,3,10,lat,47.4582,True,3203007,0,47.45818077520866,True,1.92247913375e-05/4.29153544701e-05,True
57,3,10,lon,8.5491,True,2196756,1,8.549124848633966,True,2.48486339665e-05/8.58307089402e-05,True
57,3,10,altitude,,False,0,2,,False,0/0,True
57,3,10,speed,4.37,True,44,3,4.4,True,0.03/0.1,True
57,3,10,heading,278.44,True,27844,4,278.44,True,0/0.01,True
57,3,10,vertical_rate,,False,0,5,,False,0/0,True
57,3,10,callsign,GALA6,True,GALA6,6,GALA6,True,0/0,True
58,3,11,lat,47.4409,True,3202604,0,47.44088588735721,True,1.41126427877e-05/4.29153544701e-05,True
58,3,11,lon,8.5624,True,2196911,1,8.562428608519696,True,2.86085196954e-05/8.58307089402e-05,True
58,3,11,altitude,,False,0,2,,False,0/0,True
58,3,11,speed,2.57,True,26,3,2.6,True,0.03/0.1,True
58,3,11,heading,219.38,True,21938,4,219.38,True,0/0.01,True
58,3,11,vertical_rate,,False,0,5,,False,0/0,True
58,3,11,callsign,VIKTOR31,True,VIKTOR31,6,VIKTOR31,True,0/0,True
59,3,12,lat,47.4579,True,3203000,0,47.45788036772737,True,1.96322726325e-05/4.29153544701e-05,True
59,3,12,lon,8.549,True,2196755,1,8.549039017925026,True,3.9017925026e-05/8.58307089402e-05,True
59,3,12,altitude,,False,0,2,,False,0/0,True
59,3,12,speed,4.89,True,49,3,4.9,True,0.01/0.1,True
59,3,12,heading,247.5,True,24750,4,247.5,True,0/0.01,True
59,3,12,vertical_rate,,False,0,5,,False,0/0,True
59,3,12,callsign,GALA21,True,GALA21,6,GALA21,True,0/0,True
60,3,13,lat,47.4568,True,3202975,0,47.45680748386562,True,7.48386561611e-06/4.29153544701e-05,True
60,3,13,lon,8.5628,True,2196915,1,8.562771931355456,True,2.80686445429e-05/8.58307089402e-05,True
60,3,13,altitude,,False,0,2,,False,0/0,True
60,3,13,speed,0.0,True,0,3,0.0,True,0/0.1,True
60,3,13,heading,118.12,True,11812,4,118.12,True,0/0.01,True
60,3,13,vertical_rate,,False,0,5,,False,0/0,True
60,3,13,callsign,URSULA8,True,URSULA8,6,URSULA8,True,0/0,True
61,3,14,lat,49.484,True,3250212,0,49.484000082969686,True,8.29696844562e-08/4.29153544701e-05,True
61,3,14,lon,5.0333,True,2155794,1,5.033327349025569,True,2.73490255696e-05/8.58307089402e-05,True
61,3,14,altitude,10957.56,True,11958,2,10958.0,True,0.440000000001/1,True
61,3,14,speed,233.06,True,2331,3,233.10000000000002,True,0.04/0.1,True
61,3,14,heading,36.11,True,3611,4,36.11,True,0/0.01,True
61,3,14,vertical_rate,5.85,True,33353,5,5.850000000000023,True,2.30926389122e-14/0.01,True
61,3,14,callsign,TAY5DN,True,TAY5DN,6,TAY5DN,True,0/0,True
62,3,15,lat,47.8793,True,3212820,0,47.87930914862375,True,9.14862374657e-06/4.29153544701e-05,True
62,3,15,lon,8.0462,True,2190897,1,8.046242724953316,True,4.27249533157e-05/8.58307089402e-05,True
62,3,15,altitude,10972.8,True,11973,2,10973.0,True,0.200000000001/1,True
62,3,15,speed,229.54,True,2295,3,229.5,True,0.04/0.1,True
62,3,15,heading,225.45,True,22545,4,225.45000000000002,True,2.84217094304e-14/0.01,True
62,3,15,vertical_rate,0.0,True,32768,5,0.0,True,0/0.01,True
62,3,15,callsign,ENT1511,True,ENT1511,6,ENT1511,True,0/0,True
63,3,16,lat,46.8685,True,3189266,0,46.868480889435034,True,1.91105649634e-05/4.29153544701e-05,True
63,3,16,lon,11.209,True,2227746,1,11.209018518690698,True,1.85186906982e-05/8.58307089402e-05,True
63,3,16,altitude,9730.74,True,10731,2,9731.0,True,0.26/1,True
63,3,16,speed,243.53,True,2435,3,243.5,True,0.03/0.1,True
63,3,16,heading,222.86,True,22286,4,222.86,True,0/0.01,True
63,3,16,vertical_rate,-8.13,True,31955,5,-8.129999999999995,True,5.3290705182e-15/0.01,True
63,3,16,callsign,MACOR,True,MACOR,6,MACOR,True,0/0,True
64,3,17,lat,49.3949,True,3248136,0,49.394907807089766,True,7.80708976578e-06/4.29153544701e-05,True
64,3,17,lon,10.7743,True,2222681,1,10.77428597790859,True,1.40220914098e-05/8.58307089402e-05,True
64,3,17,altitude,10363.2,True,11363,2,10363.0,True,0.200000000001/1,True
64,3,17,speed,243.05,True,2431,3,243.10000000000002,True,0.05/0.1,True
64,3,17,heading,288.51,True,28851,4,288.51,True,0/0.01,True
64,3,17,vertical_rate,0.0,True,32768,5,0.0,True,0/0.01,True
64,3,17,callsign,THY6091,True,THY6091,6,THY6091,True,0/0,True
65,3,18,lat,47.8813,True,3212866,0,47.88128325492937,True,1.67450706314e-05/4.29153544701e-05,True
65,3,18,lon,7.6513,True,2186296,1,7.651335633119487,True,3.56331194871e-05/8.58307089402e-05,True
65,3,18,altitude,11277.6,True,12278,2,11278.0,True,0.4/1,True
65,3,18,speed,258.28,True,2583,3,258.3,True,0.02/0.1,True
65,3,18,heading,104.06,True,10406,4,104.06,True,0/0.01,True
65,3,18,vertical_rate,0.0,True,32768,5,0.0,True,0/0.01,True
65,3,18,callsign,ETD2,True,ETD2,6,ETD2,True,0/0,True
66,3,19,lat,46.5154,True,3181039,0,46.51541626820952,True,1.62682095208e-05/4.29153544701e-05,True
66,3,19,lon,5.7767,True,2164455,1,5.776707119156612,True,7.11915661178e-06/8.58307089402e-05,True
66,3,19,altitude,11277.6,True,12278,2,11278.0,True,0.4/1,True
66,3,19,speed,225.56,True,2256,3,225.60000000000002,True,0.04/0.1,True
66,3,19,heading,195.75,True,19575,4,195.75,True,0/0.01,True
66,3,19,vertical_rate,0.33,True,32801,5,0.3299999999999841,True,1.59317004034e-14/0.01,True
66,3,19,callsign,EWG40C,True,EWG40C,6,EWG40C,True,0/0,True
67,3,20,lat,48.7388,True,3232848,0,48.7388178679509,True,1.7867950902e-05/4.29153544701e-05,True
67,3,20,lon,9.4245,True,2206955,1,9.424512249115025,True,1.22491150254e-05/8.58307089402e-05,True
67,3,20,altitude,11582.4,True,12582,2,11582.0,True,0.4/1,True
67,3,20,speed,222.93,True,2229,3,222.9,True,0.03/0.1,True
67,3,20,heading,302.37,True,30237,4,302.37,True,0/0.01,True
67,3,20,vertical_rate,0.33,True,32801,5,0.3299999999999841,True,1.59317004034e-14/0.01,True
67,3,20,callsign,GAV596,True,GAV596,6,GAV596,True,0/0,True
68,3,21,lat,49.2319,True,3244338,0,49.23191529081231,True,1.5290812307e-05/4.29153544701e-05,True
68,3,21,lon,10.5875,True,2220505,1,10.58751835525473,True,1.83552547295e-05/8.58307089402e-05,True
68,3,21,altitude,5372.1,True,6372,2,5372.0,True,0.1/1,True
68,3,21,speed,193.84,True,1938,3,193.8,True,0.04/0.1,True
68,3,21,heading,248.68,True,24868,4,248.68,True,0/0.01,True
68,3,21,vertical_rate,9.1,True,33678,5,9.100000000000023,True,2.30926389122e-14/0.01,True
68,3,21,callsign,EWG53L,True,EWG53L,6,EWG53L,True,0/0,True
69,3,22,lat,45.9295,True,3167386,0,45.92949293362926,True,7.06637073478e-06/4.29153544701e-05,True
69,3,22,lon,11.3345,True,2229208,1,11.33450301516126,True,3.01516126022e-06/8.58307089402e-05,True
69,3,22,altitude,13716.0,True,14716,2,13716.0,True,0/1,True
69,3,22,speed,255.71,True,2557,3,255.70000000000002,True,0.00999999999999/0.1,True
69,3,22,heading,118.21,True,11821,4,118.21000000000001,True,1.42108547152e-14/0.01,True
69,3,22,vertical_rate,-0.33,True,32735,5,-0.3299999999999841,True,1.59317004034e-14/0.01,True
69,3,22,callsign,N950MP,True,N950MP,6,N950MP,True,0/0,True
70,3,23,lat,45.7164,True,3162421,0,45.716418198685204,True,1.81986852041e-05/4.29153544701e-05,True
70,3,23,lon,5.0926,True,2156485,1,5.092636368903243,True,3.63689032428e-05/8.58307089402e-05,True
70,3,23,altitude,,False,0,2,,False,0/0,True
70,3,23,speed,8.23,True,82,3,8.200000000000001,True,0.03/0.1,True
70,3,23,heading,81.56,True,8156,4,81.56,True,0/0.01,True
70,3,23,vertical_rate,,False,0,5,,False,0/0,True
70,3,23,callsign,LA2,True,LA2,6,LA2,True,0/0,True
71,3,24,lat,47.4443,True,3202684,0,47.44431911571482,True,1.91157148208e-05/4.29153544701e-05,True
71,3,24,lon,8.5674,True,2196969,1,8.567406789638227,True,6.78963822764e-06/8.58307089402e-05,True
71,3,24,altitude,,False,0,2,,False,0/0,True
71,3,24,speed,0.39,True,4,3,0.4,True,0.01/0.1,True
71,3,24,heading,244.69,True,24469,4,244.69,True,0/0.01,True
71,3,24,vertical_rate,,False,0,5,,False,0/0,True
71,3,24,callsign,SWR7DC,True,SWR7DC,6,SWR7DC,True,0/0,True
